Weekday,HM,CF,FF
Monday,181368.5,77043.75,44751.5
Tuesday,180341.75,75525.25,44156.25
Wednesday,181304.75,76449.25,46205.5
Thursday,179467.25,75905.0,48357.5
Friday,181921.0,75899.2,52766.8
Saturday,180366.4,73860.59999999999,40106.4
Sunday,179456.40000000002,76835.8,40282.200000000004
